PC1,PC2
3.8098486043012643,-1.2251041746823264
-2.3267027945631975,-1.0715449044903438
1.9214435151937903,-0.5714840770480991
-2.3257037976495334,-1.2738367176499945
-0.2369874905378597,0.9904060441082029
0.8489401121387843,1.562141103170095
0.8905633447104403,0.8730391107604212
-2.1904057298142106,0.548304951960132
-2.8142694821740615,0.037376541044717985
-4.723454464853893,1.3207630853691428
-2.7569027885085022,-1.7964082975882623
3.267746606729736,-2.365285910600758
-1.3610775392668637,1.6532525190415492
-2.2943877341624836,-1.3949907071915066
3.0261807353301156,0.7044059265459859
-2.4422041865108897,0.19958624381648535
-0.3171648958201541,-1.0915749519633888
3.292401031394102,2.4010828357286695
-1.8226683927704093,-1.676197308492871
-0.5382771721569239,-1.0162522438412487
2.552329606505474,0.3467043103651472
-0.22027121715342912,2.406875626455926
0.3548318195065165,2.1472693471211954
-0.63841559764812,1.8661729507614722
-1.8737660344032707,-1.7156638487369857
-1.6219222663000388,0.8780244459891166
-1.5256858567766005,-1.4295371763658375
4.072242839993078,0.1709724288000882
-2.0811745990095143,-0.2141671096452234
-0.08645616663508418,-0.9007877264886466
-1.5646030125578434,-0.22904922009195217
-0.8030774959900394,3.239315921656727
1.9981073158010554,-0.36821747119139336
-2.488849109706014,-0.1614124686475994
1.534303016145638,2.8030423891225347
-2.426794883092095,-0.6063178748690223
-1.6094824020020952,-0.20439660221373965
2.0039004751096927,0.7157063081658469
3.8553779189796358,-0.24544206430167173
-2.870275259535415,-0.2957538459649942
-2.211962863138133,-0.9009814774067083
-2.743200136350542,-0.29941944778436014
4.04133999654089,-3.0675239848396227
-1.9821747890673846,-0.4129588945125783
-2.701741096042289,-1.275134534597468
0.9702865594282919,3.7060540743788555
1.1930674770915282,-0.07539687992564877
4.4830180277166845,-0.06760245654020564
-2.3164572761874482,-1.756378171578004
5.054113728761695,-1.643097429177019
0.28220921497993817,1.482026061400849
5.7522071460494315,-0.5876052419932888
3.1433110037057492,-1.3683627505954896
-2.1459019954425376,-2.267678464996031
-0.39970229527342865,2.6829007759514556
2.9064516636410254,-0.7197763414838428
0.21993570749332114,0.8075465657705905
1.2230936402460462,1.3151006797633884
0.3655299148323128,2.3258881358422983
2.447655959869004,-1.486096737173841
-2.5911084239885556,-1.5626585040237981
-2.8589228097953256,-0.7092569936357517
3.6909577079005227,0.6421696414357974
1.6011267206817927,-0.047382849327474955
1.2932285127855994,1.6920315767328018
2.786669433650535,-0.4341825008191334
2.547460890527706,1.3872648484500447
-0.48976435926522893,3.287117007453082
-1.1407817161813187,-1.6649771651621743
-2.5160311909407183,-1.479565494938758
3.3103469762122146,-0.3387892294924574
4.996794152719003,-2.092824926386564
-1.9355797557055268,-1.6357208471628346
0.12187156670414603,0.8165755262598609
-2.187348481890462,-0.97562273837555
-2.821823826120176,-1.4977913926570268
-2.5587280686325413,-0.5293704147506836
-0.08645616663508418,-0.9007877264886466
3.1551217628003894,-1.0329808246891694
-2.5590127892489924,-0.4145967394214158
-2.41646226687803,1.5414433284637938
-0.8121919748264921,0.727704313725665
4.044619121394104,-1.7217470786343423
-0.6677964236574174,-0.6553150565976333
-2.5845976793797747,-1.1946974764506675
-2.351207587625094,0.303655547213125
-2.352940264251544,-1.4499674039472725
0.11362160934910118,1.9387673939385546
-2.3919930936355542,-0.03193714189338374
3.190381408199061,-0.4443261800402704
0.4839203220683703,0.2589402115963235
-2.1296445461837217,-0.2323258782921442
-2.0553458831105926,0.48693735354374446
4.797295165400767,-0.224542217898665
2.072420148067568,0.2126329503451214
3.0708303021619785,-1.8356758635727106
-2.930333977273985,-2.280578373491115
-1.991767916497183,0.7069992099173195
2.387328016855791,1.3880354100269552
-2.0551046683058756,-1.4388571818354094
2.2692353064567063,-0.7491743016838665
2.8937176811488676,-0.020095888160167226
1.7426932907287096,1.0601908590639728
-0.09086621579303766,2.2622649623217805
2.1844058816388987,-0.9504400679118731
-0.7738912497437245,1.8881425666947522
-2.055553858083051,-0.7305685223523452
4.206846967418913,-2.392787168272583
0.6360671305937278,0.07863390780606867
-2.299141269857354,-0.40212302906614344
-2.476388300720139,-1.3729174687001935
1.2078993096215682,1.4191684374560436
-2.256909874782666,-0.7533892291433325
-3.376794101775411,-0.5837871536315291
-2.5761582203038214,-1.3968117371104576
3.9635926875241703,-0.9222089104841793
1.5659529759740618,-0.9538892718666769
4.814779072128575,-2.741898063849306
-2.261300597828496,0.6524252795937604
0.32456129301901365,2.3182032063583646
1.010406168105992,0.4401571905310941
-1.0611689174577972,3.903543718589391
2.1386081859641184,-0.7222844128037742
-1.9592591645742676,2.4511192486692295
2.4874687139149287,0.5169030308758568
-3.450418839579416,-1.6207332943814272
-3.0866888671323482,1.201774453610403
-2.761876421439666,1.4821912620856348
-2.6257425069445195,1.095024051897116
4.042341426913629,-0.6145982947464609
0.5284659118988828,1.419270652042352
3.468894637513786,-0.9383640172513941
1.3194319181040663,2.0481899616109827
-0.7840450673649626,-0.9351763638768109
0.10205967386906084,1.5398127828450932
-2.3133246753246084,-1.518755946888388
-2.7481094237956682,-1.512330362581751
-2.7277934093741525,1.4576233844894813
-0.9248626331588586,-0.7817046530917634
0.2372722158557567,1.4985298255493327
-0.11038152990827407,1.315760924926419
-0.4687184627381717,1.3577949147608508
-2.332807306364351,0.17597511098382565
1.315530493354618,2.834457478365853
1.9905808355785168,0.1632937945410797
-0.9653598032851183,0.3023649891507501
-2.2539822117409556,-0.5727388796027338
-0.5545891027928626,-0.8647322902277185
3.1356726144715377,-2.126579813398451
-3.4653276282813152,-0.4670198485839732
2.431700335552996,2.312424010223359
-2.4991929448486423,-0.45509789207088325
1.7954675018879875,1.1406815083469513
4.027513912613298,2.935280580817741
-2.648188257415167,-0.22075070698409427
1.2747597206038612,-1.1662144893201867
-0.6129161569996115,-0.8973163538630687
3.757157184476801,-3.005854050345937
-2.1128463057654088,-0.4020799055262116
-2.654989858883639,-0.5024078589590486
-2.5493995860616567,-1.098195880370222
-2.2867701790290624,-1.229366907155392
-2.084145444203257,0.8972199160769759
-1.201816947544409,-1.0773486147054652
3.81303050911231,2.2556072308397606
3.6624855363127216,0.8399599472680327
-2.648906990361327,1.0081558694015118
-2.7029055671530324,-1.3334145940940727
3.190381408199061,-0.4443261800402704
-1.1722195253114716,1.136110479108543
-2.492154126776014,-0.811956774535534
2.4169346472327415,0.6112501467031138
-2.48744404184984,-0.6712576419227541
-2.332729558476591,-1.8956601905963881
-2.8207138982515527,-1.3983507055583129
-2.001262461596855,0.31733543354194177
0.4851119375538975,0.950193755434491
3.825449121778147,-1.2765721410442372
-2.531895276779217,1.0812415763844998
-2.7854922303695364,-2.2578076268831992
4.0739201116730746,0.30077818720859634
-2.1472535712981666,-1.1994105037308005
-2.257824583104743,-0.9469870604182226
-1.3393972196586639,0.8552741483599443
-2.8420943439119566,-0.3171151850666311
1.4390913638074239,0.7196915663886839
3.479410468395115,-1.7047530313947505
3.8349460401140516,-1.690505727244165
-1.8410692579454744,1.9310892260783312
0.11434192199087086,1.4419489439180229
4.0729707284733685,-2.7929464260936823
2.623465642123719,1.4757571231071858
4.109767996957298,0.3696972765291851
-2.700706532837102,0.33678477017671327
-2.2445688828806767,-1.4155662247751015
-2.703607819022023,-1.4838163414636805
-1.228746003652562,1.707071436606405
-1.8611773425576457,-0.40511388728816905
2.907695420450828,2.7921677523311876
-0.5859021583926517,0.29891244644324105
2.612800707543016,-1.2252899558862633
-2.0776411166239046,3.1358174386061033
-1.0626484980363233,3.4891028027515385
3.4096234576319646,-2.2531279226367773
-0.8280249543156755,0.7608568382605553
-3.3299293207835863,-0.8387719901367126
3.0656081768837486,0.6390459760711681
-1.0308094894397672,1.4260598513032767
1.7141080593453586,0.666107955850799
-1.5876128780217778,-1.6348598587816825
1.9200761254116347,-1.5488932724604552
0.9189936813222446,2.9112078203272596
-2.307084346168563,1.093028614540775
2.1271787939368334,2.574775189563486
-2.0420198878601292,-0.3208487904057747
0.05815170765262595,0.9873668804286833
0.4166805367725606,1.2600682345638896
3.258433613479624,-0.293543421117401
-2.8648505140755645,-0.3170158957322033
-1.2712180464587488,1.559228128500633
2.8095402644578362,0.10442517032680003
-2.7189058947818254,-1.5446058248222945
-1.869028030427363,-2.3118169779654854
2.0229567860518576,2.399702135699273
-2.382803624496634,-0.9430151095989654
-2.8499376257195843,-0.7757236833702383
0.927736840761591,1.0661139764653595
-2.536125492688114,-1.1896858013558078
-1.7546372616043135,-0.9858159123070772
5.100082154655098,-1.3775180217154657
2.497740916177192,-0.7878558800792271
-2.9643237927343726,-1.8277315754506058
4.997350868415809,-1.9111537647021541
1.525727079613014,3.118647656148243
-2.7541143523913676,0.8083816790491317
1.4329603993934388,-0.03659937951554995
2.505457657307302,0.8502542338741095
4.88563104099992,-0.48517005087536336
2.990209456828398,1.7639922103600285
-2.6721072103775456,-0.8080991761905685
-2.527525211865094,-1.8741976608307827
5.4633879541664925,-1.2804247679969032
-0.9754024365365146,-0.9931993143222809
1.1784801043516115,1.234784009605754
-2.637423187278519,-0.603991816283139
0.5797786256684084,2.5911232769750434
-0.12487803659518935,-0.4011531171097801
-2.4333731447980247,-0.5615535803769377
-3.4121830440322607,0.07016470332628992
-2.751240284765922,-1.2461195238747391
1.0781595679429399,3.8021681701986165
-1.364051870880596,0.4178154516498602
-2.932165159501435,-0.08952803971732097
-1.936701971169136,2.0622630083886366
-2.4033105046602277,1.189862276687244
4.851611050796437,-1.9508281667873266
-2.1016829763365865,1.6418791370381152
3.2847273289726284,-2.40842222910057
-2.269543210074846,-1.3580519762744745
2.4602606004104586,-1.422733181625992
-2.1908272175901424,-0.6231072022578023
-0.9081836433818157,1.3741343782463118
-2.4647156594336397,0.13892536445022727
-2.3922795862706923,0.12577936064463152
0.9662058307515291,2.139924880902232
3.5512910283176438,-1.5971302715403763
2.410565401016625,-1.860008400288851
2.300835643147366,-1.0209935641426109
1.251714310477258,2.1699145889960385
-2.5469609113550504,-1.4013835555382324
0.05815170765262595,0.9873668804286833
-0.3171648958201541,-1.0915749519633888
0.48794927710367597,1.1194245569825152
-2.4289352474030586,0.48037557018623966
-2.2936534490781346,-1.291085006402375
3.418132687612475,-1.300027093637461
1.243021099866373,3.4343284829784553
5.212831162638543,-2.2237049552249686
-0.9660907385347556,1.1191080085958836
-2.098878231711769,-1.1944765345839214
-2.03026154801607,-0.899529356113681
4.854095726430752,-1.6846173176126842
-3.2247975702988017,-0.9134608385629919
-2.6981206689372392,-0.8875686826928182
0.8469388822271648,2.3572050487489093
-2.6210845909076976,-1.0726644073225193
-2.409359956627784,-0.36610093917148445
1.3228321360652318,-2.183688423881821
0.8325447124239708,3.666343757356746
-2.196747364354331,0.3329317507007192
0.50353469015262,1.257271198450739
-1.9128697072916547,-0.3143220312763116
-1.4721147304792674,-0.9600246915955737
-2.3524462762712273,-0.8647802899768124
4.772206012088467,-1.1118968782632437
-1.6069493717618095,-1.0073228314043163
2.028058197318725,-1.652066353304107
-0.2655396986292376,1.8146359555708607
-0.842851664514977,-0.36891140199277195
-2.365863495598816,-0.6126622013216964
-3.302320640639399,-0.3315737488118314
2.9606908097125038,-0.4912613539814715
-1.473322996643782,0.962783292693151
-2.5925927524960377,0.2726903863636532
-2.3005174327751923,-0.07256670866728065
0.3229159910214211,-1.7917224949086397
-2.5495508800638187,-0.5164877419327149
1.258726020525395,0.5384743867963734
-2.633902085957122,-1.548807717955667
-2.723947875250065,0.7799061269973212
1.6497043817813868,3.053538061938742
-0.09198587458722977,1.4876550831084425
2.1717964992441647,-0.7642059148901874
-2.7824372243890387,0.5459249932180047
-2.7059573973347093,-1.4267284935486357
-2.721724106765427,0.41430738666758
-2.2541911011491753,0.28417361916412653
-2.9151978793014868,-2.035605711904624
-1.6360203665607516,-0.908316196535256
0.7531027072770174,2.5635475884406094
-2.592829111139513,-0.6549906643111435
-2.761167293614742,-1.156810714229781
2.81882348768621,0.6148184692925083
3.6552558919680376,-0.51272816046772
-2.6144773061510698,-1.379220677382309
3.4736342377871305,-0.49322433508400154
4.602850860011583,-0.6640232638582055
3.4062142235275665,-2.0012370347099933
-1.1921830085843474,-1.2215773899648985
0.19578370711409668,2.947578860744748
0.405241158105019,1.2802680854405457
-3.3850670994388636,-2.021112844318939
3.781078140866301,-2.2678806717371485
-2.5062447053628407,-0.39310764352519734
4.449536611263272,-2.145946818945527
-2.5093877359068517,0.1653041056608053
-2.7275192808002053,-0.8083461345992891
1.5651901619716355,1.0540158059516487
2.8489550514413797,-0.6366997197394032
1.2743498282263914,0.0007483299567228169
2.6760705307307315,-1.5119904655564798
0.6554803477230519,3.155624966028191
-2.536957384014673,-0.7581740469783035
-1.650082871539623,-0.28288247764463414
3.4573452397124207,-0.756509464205477
0.8506510428092303,-0.13418937982742596
-0.20536813123784836,2.123290665080069
6.1754999642985435,-2.4302322861423287
0.48973474951115187,2.6473361702092655
-2.4868561677779155,-1.1978919054546384
-2.932165159501435,-0.08952803971732097
-0.7953247309387647,1.7536618700917341
0.9703217447658071,0.18083946173027393
3.6383417746041675,-1.3461409439312586
-2.415324685589744,-1.0768546060354551
4.363593491234196,-1.458780944319163
-0.005414052729693382,1.4254668615073096
-2.5434867325693173,-1.2865728078834486
-1.84855768968571,1.3363028844015745
-2.369671423052254,-1.5123159480870705
1.296077220785501,1.2358037566147286
-2.6189088367886724,0.9194257806023056
-2.3369961059970685,0.7118236266019555
-2.1470236440777377,-1.865711027460337
-2.7076967935974507,-1.9456204523018872
1.8416815640900943,2.1446212833278753
-2.4533922118771483,-2.1130092552076953
-3.4192466892803,-0.26515701868347363
-2.824650831260779,-1.6598606251326187
-0.3068040942244833,-0.5278728201441448
-2.7277934093741525,1.4576233844894813
-2.3232970758311824,-1.6681334597007438
-2.468678899296948,-1.849793229047104
-0.4014423668459663,1.7926046803632611
2.6391152147192334,0.7678301130711936
-1.6352845865647392,-0.4965236440584215
0.9400178244551624,2.2163497767470757
4.6680780503972334,-2.058181072541504
-1.214905141063747,-0.18589700929695846
3.347535452708698,-2.4583921140270806
-1.0300779219391434,0.27818737852364267
1.2800488579469234,1.8252648707624743
3.1675442724170977,0.37517977843682926
-2.091230459795732,0.5838281294354474
-2.8339275692460637,-1.35870658056724
-2.663399010787475,-2.0909221926508095
-2.271586640253297,-0.6425170792535078
-2.4999403401830946,0.48545648351165316
2.822959709742979,-0.6255080115582674
-1.8130142305868278,-0.15077697121003186
-0.3983451207443298,-1.08449221084554
-1.4138914532957099,3.9969205148077362
-2.414867476004,-0.6250963257528461
-2.5851488452383533,-0.11400398440190924
-1.2803129972904899,1.8958096568096339
-2.8142694821740615,0.03737654104471804
-0.512453178336306,2.087617017764633
-2.466978982014614,-1.3056250995490433
1.6205045479295168,-0.07318737574689967
2.6215916624880444,3.6646977996220174
-0.14663073373437865,-1.4802594221810814
1.8403062969820856,0.42037904801622017
2.4941844817642975,-0.20258924484509194
-2.2056154446846246,-0.9728283683231487
2.269848185386102,-0.5900580681955261
5.1732237264484695,-1.6585483508895649
-0.6707644571731785,3.9952217958646474
-2.5403359195493755,0.16766550969932673
-2.352940264251544,-1.4499674039472725
-3.0923890479984846,-0.8170226266776517
2.741209080813357,-0.186099541663007
3.7452231571078696,0.6402398733730014
-2.8615169001502925,0.37269269933276594
5.7736256279984985,-1.7416248361100617
0.8429910322307311,-0.22826017153081446
-2.5758998574165966,-1.283721722920323
3.299955838922724,0.06542498852217384
1.9607352686839932,0.2411567421020016
-0.18474404546036927,0.8700567060089067
2.0266240661996067,3.6979328206822566
2.6824605086429187,0.7119567468894036
-2.3199035542321336,-1.875975581877994
-1.8487500944417696,0.10831486881640835
1.1562230759886472,1.0314188526353736
-0.6191940436961711,2.2735293057758086
-2.3622796486539435,0.46375038381012335
-2.9496324195347556,-0.923222172530289
-2.73148204481912,-1.4241612173380567
-0.954699976864685,0.923140848935286
-2.1768642025789062,-1.6903841852729247
-2.7076967935974507,-1.9456204523018872
-2.361100191725593,-1.1377667708163859
-2.356298644356943,-1.3159011134270657
-1.9254393335908149,0.25008192412155295
4.334945456442674,-2.969300991729557
-2.6954958576992523,-1.0592062885450053
0.43369370804692525,1.1036181896934696
1.6622950853684881,0.4123502064408205
1.8319406551851833,1.188183885258673
-2.2047424568306746,-1.1908779981941373
0.3283427462685915,-0.10891290027133314
1.547251650538464,1.4447225806127737
-1.599577314226603,2.369862803158127
5.401280744605413,-1.8424667383049935
-1.466468367814981,0.4580708403894355
-0.2617259429114626,-0.32440322369502184
3.6681626824390148,-1.9426190882295702
0.16014014439781193,0.8821143677018595
4.236699262919331,-1.9063742756945619
-1.426762271611216,1.4898383093667973
4.851611050796437,-1.9508281667873266
-2.004073853552858,-0.9268952915134184
2.2244719943432933,-0.45588896948293905
2.2830023247847606,0.6408482921971858
-2.709275262260156,-1.222614249088458
0.11344626739459635,1.7670777530115072
0.34275854080858037,1.7882096565981336
4.576159947796453,0.4522534399702053
-2.7893195324196123,-1.3971268271600632
0.3847371241447487,2.698066217806706
-2.6479195357474388,-0.3744969407847988
-2.49378943317104,-2.2660693089406023
2.218665830169977,1.2657685589951133
-2.2434046812212327,0.010320806941683863
-0.22810955240869127,1.5970374083420726
0.160440479550655,2.431736981677795
-0.8922069697523591,1.0858246164417837
-2.3978158069293225,-0.5619241474729706
-2.3681568585130965,-0.5253357208910466
-1.5670743036454289,-1.0192477806327138
-1.0643232386618673,0.7135650530941302
2.174109419737739,-0.6645623364190153
3.529908353276225,0.36138898914558837
0.5284659118988828,1.419270652042352
0.7338374109327789,1.154099503973973
-2.8798698215533256,-1.4934571652616813
-1.2289084622094697,-0.6261066982641175
3.514985645970775,1.6397737372450893
-1.4336345428969477,-0.22878871566889403
3.5394724325930396,-1.0184903013697186
-0.11603342685465982,1.2774254705823254
0.3398643608432514,1.5051085123928658
0.7140209920349843,1.618943113303374
-1.4095135140925874,-0.478775062889908
1.9921212167248985,1.7637575237181073
1.9537482311611567,1.943598114722462
1.697819460991092,-0.8429726471722617
-2.748479669727729,-0.48034213247924223
-1.9350172858247743,0.1334448673424911
-1.231891102642992,-1.6552987379889574
1.386758253607086,1.5520931812977603
-1.8487500944417696,0.10831486881640835
2.180361747879767,1.1480848940793178
3.3556720300343845,-0.8992880983122672
3.6269565406789575,-2.070950129610811
-1.538735290477007,-1.2147244502780186
1.757881526117211,1.2093314822261907
-1.8659536991692045,0.6164582265152838
2.787308089176763,-0.6764228160264995
-0.8334680933459231,1.6328141108491723
4.282652821279104,-0.5272595626417804
-0.936819440146804,2.3971070105293797
3.6959046555287474,-0.35014646491870177
-2.4016976413211952,0.5053367867731822
-2.6019796799163135,-2.0711014206646365
1.6610794338541937,-1.3002439917385016
3.373310789921565,0.039082141243770505
-2.6215890506477044,-0.13440343928056697
2.368672726559728,-0.6853377124829133
-0.2801644822287309,-0.8233099400234068
1.7889077384249,-0.16401695333851032
-1.7315448353501137,-0.9588302615988475
-2.644156614302198,-1.4416362069411928
2.154762929104071,0.5559904675132901
0.5311232270008343,-0.5554656807695341
3.740211346845202,-1.9348605497047895
-0.8163167781879934,2.376813114684522
1.041973818268415,0.6112234389509204
2.7152327439591164,-1.2749761700883444
-1.1291165549057702,2.938972933101366
-0.9873279804058458,-0.10574678101238269
-2.444527089895113,-1.7649585288955114
-1.0398270160328027,1.686272353826609
-1.5971919106437353,-0.49198253704026185
2.519357496041645,-1.1000854856210418
-0.22439470698136516,-0.30758754872653354
-2.5360838083799875,-0.5525130347958114
-2.604675385284449,-0.5698615333000138
-1.0690033666274106,0.31347115193958347
-0.9085792078021181,0.0654805322730474
2.4239491617611693,1.4414401941873012
1.6310940168606822,-0.3564641775673576
-2.3576024424749247,-1.0330570400837498
3.516188431713529,-1.938567460291105
-1.751661074424728,-1.287770620255924
-2.7390380706494724,0.3519031424946686
-2.8461629440591616,0.35700477632116623
-2.081354731490233,-0.975448818993094
-2.2945221645971814,-1.6357964300426098
-0.14641167445597902,1.647571801143978
-1.5637205901260993,-1.2078349912048232
3.723805029509799,-0.8862690576343893
-1.798140303507663,0.9726544421553958
1.5897173457360958,-0.06146463011520981
4.772608484443193,-1.852645261210523
-1.875085585698445,-0.9460385510413293
2.905128117586948,0.58362373996215
-2.0489444211154777,-1.4425214599360834
4.552912933175399,-2.9074577819279592
1.9258471201797294,1.5955978339542531
3.3089254865929374,0.37853415406179997
-0.28600332276088786,1.488489388486144
-0.775572937194955,1.202797535795939
0.7813210755014448,0.640813660443186
-2.7526581355787596,-0.13784748418455087
-2.038939675087805,-1.1234799008133585
-2.7754856409058974,-0.7029344664425227
-0.4567184128706441,0.9595974889374038
-2.7567742617834923,0.9052783880775812
-1.9435022965997841,-0.9176510580765145
-0.662596960885546,1.3128244242998175
-2.654519494628902,-0.24313368268541827
0.841301096292686,2.733447184306048
-1.921603882126167,0.41222277693190784
-2.88240665550507,0.32417962490379887
-2.178593075452197,0.8896832688389936
-1.7469842062383714,1.7254421752935978
-1.926246537464789,2.082136582147087
-0.63841559764812,1.8661729507614722
-2.642749223302952,-0.3293260244246448
-1.645051984535832,-0.49258971745337204
-2.3615775954638756,-1.230526992116984
-2.267933472391521,0.21852195858115217
3.7881885828728876,-0.11880444842980002
1.351606944235128,0.6234698631811972
-0.4708980473620969,1.2047248993830004
-1.5927141651131158,-1.7842320099934015
-2.3698375716171833,-0.4498614612932322
5.750125138880993,-1.6024216154169342
4.7896733027270795,-2.111326304939947
-2.144062521859899,-1.8020155662836042
0.6379446597428406,-0.263286133703372
-2.5491274234590673,-0.14668204676655808
-2.453131057962782,-1.3206921373022815
-2.870078880313108,0.5743136832481658
-2.3484509474249085,-0.7606421734417323
-2.4140887087218257,-0.7437253896004307
-2.2509401749570577,-1.0199073842831496
1.2900178860466995,0.9966581927876244
2.6311417450357535,-2.158119997574187
0.18647415255709804,3.0919890940678867
-2.2264489668673155,1.1142373924603284
-2.428788367633135,0.2149424208499021
-1.6094824020020952,-0.20439660221373965
-3.2511184722910222,-0.6379709639076321
-2.665824642368425,-0.7866072708375272
2.3391396357821432,-1.139623331458368
-0.9910139136395932,-0.6733979699488039
-0.3590730391137192,-0.24332762468952798
-3.281151749233756,-1.9328580473642076
-3.302320640639399,-0.3315737488118314
2.0356579537275117,0.365636111488292
-1.1742850860866605,1.090255006111157
-3.4111218234889362,-0.13992447413321696
-0.7231274788901978,0.07321375539770661
-1.8734967087308965,-0.6094736500641832
-0.5621445044971118,1.1711028788681146
-0.6605940032342966,2.293653324920236
-1.6771561705877418,-1.9415649143381388
1.6051062364050654,-0.9275013977118206
-2.622783849790647,-1.752364576283532
2.478975235150134,-0.6960892658813772
-2.656915197506243,-1.2734141451063241
3.8881191592775775,-1.0280577063953207
3.5759563380511112,2.0891466233839493
-2.5265926278678243,1.454359184885626
-2.1879752853249497,-1.0542661410844965
1.9858044602279767,1.6901824892412067
1.4419961985229701,-0.11132554542474972
3.3089254865929374,0.37853415406179997
-1.6776781288949718,-1.5973894605478454
4.082637023065482,-1.8829975371798695
-3.1838258089460387,-0.5450225546593893
4.156118626837827,-0.6235476947699128
0.6739715250078169,-0.4644358108791096
2.140440152691723,2.711378318907377
2.062831291423976,0.3497014187007795
2.6391152147192334,0.7678301130711936
2.6196786564769976,0.09673063518711603
1.480180893365636,3.0650405643843057
-0.023575895519711173,-0.018354245134043896
3.4639900483492183,-0.3109426318115115
-1.7836194603890554,2.4476066042977385
6.1850261348394735,-0.6551850375533715
-1.2025562932971747,-0.2419303843479212
2.5302183184836964,1.9374167057839817
0.8091640793323355,0.6744708065572846
4.388271989217725,-1.268629421764785
-2.838639035321442,-1.1880237506372817
2.637403784625716,1.807372449472619
-1.2273722786650285,0.34804884937149233
-0.8333861850817418,0.9221652784391937
-0.2508228243548869,-1.9616934044618028
-1.1786603718265174,-0.021713596408409738
-0.9754024365365146,-0.9931993143222809
3.0835374259893977,1.6066897654477128
-1.7889687787593869,1.9407289670711305
0.015837538800811308,1.453129185508362
-2.824650831260779,-1.6598606251326187
3.322397448608015,0.23806249666233853
-2.4645334405580255,-1.7811699722198444
-2.284664133373663,-0.8643235996616806
-2.1788890216925236,-1.4584800964118354
-2.238818256910595,0.6427736962019505
-2.8899740277665247,-2.3252381331376704
-2.857876213649653,-0.12520819334351288
-1.3267013553587261,0.21722839281914308
2.459251306209612,1.7885085535282088
0.08983659271982561,2.4635658452150557
2.944592697111269,-0.0851942182447759
2.042821535645832,0.033305675059760495
-0.005414052729693382,1.4254668615073096
-3.427434165533846,-1.531662171648456
1.2761129344200388,2.9848315782162005
1.8918645990626448,-2.0206201458061956
-2.330208865182268,0.05132084566782569
1.8305234908061818,-0.48989712231571836
1.7200079641335881,1.2123153115213314
5.5214553753529305,-0.06015164550940014
0.48813405242801833,-0.8464649490434909
-0.9091806599727945,-0.08480951433412562
2.1391290550647946,-1.5655824487299097
1.2814823267148703,1.7796128518749859
4.992699189253974,-0.8521457140221073
5.216235760678127,2.1615719172409285
2.5924499463565445,0.2918831520713178
2.1343494710075785,-0.5491788642484224
-0.4384443006239801,2.875951380654411
1.6500261495145703,-1.8630456698791418
-0.4959119901419901,0.3600344877726692
-2.6934617939731296,-2.0899995328862424
-2.143972385916904,1.0738835864844518
-1.1925948409221492,1.1201297000412314
-2.066966037359181,-2.063581312665098
-2.872381356469453,0.723213480788126
0.9931450624088043,-0.9818518609878187
2.8565238161977478,-0.24452089425042603
1.083235135379685,0.9942341944321993
0.7915572797375645,-0.8402111161460171
1.8205976795851984,1.8816763793794526
2.1539008900119176,-0.4565528307289157
-1.794384871531623,0.3111909063704769
2.8489550514413797,-0.6366997197394032
-1.8756813686898361,-0.4741705047214657
-0.1405495208256783,1.4352083443745094
0.33326051028902454,2.0758993784150177
-2.592829111139513,-0.6549906643111435
-2.9051802157840334,-1.450771387002764
1.3519693766645362,1.7072913848160423
-1.9014832602650236,-1.7973386507889804
0.7312124727721214,-0.31592480592105215
-1.378991750693409,-0.7137786644263733
3.3315498428336867,-0.6312351359203912
2.932079240257843,-1.0249938147176645
-2.5395284897651322,-1.2639928950344057
3.1219093567114338,1.9886924863279696
-2.6618995084878634,-1.1428706255132044
0.640198935204519,1.3484375399066917
1.2442087381860703,0.5383603178129398
-2.903602866414168,-0.03357847546187965
5.634622225610881,-2.3031330376622123
-2.7702609774818923,-0.12707674242502592
-1.8611773425576457,-0.40511388728816905
3.519933160181495,-0.9860632393828199
4.281203828966501,-1.0189700972578994
-1.7289438713663219,2.479883534002948
2.858522549745415,0.16782204888661104
-2.636933114412329,0.49140674297801434
-1.1865063105446247,3.450258336705551
0.28220921497993817,1.482026061400849
-1.8846844791981952,3.378057694646496
0.8634461715635854,0.8830327611164095
3.2459862316305124,-0.5254487264235347
3.790457870119874,-0.41261846005254743
0.37408066773652504,0.2572474583735906
-3.389426251854226,-2.0485723797066173
2.8903723974014994,-0.13480838557862912
1.7067633030193838,2.4978399064455967
-2.5742042782078607,0.6952821239172421
-2.239325876647373,1.4190846375559163
-1.9265424898875267,-0.8889819543401255
2.583834444204338,-1.2412630976564787
3.559470022914863,-0.7361421166258807
-2.483844936427634,-0.7912864345383367
3.4359512020031664,-2.1937879919176426
-2.6527143496306755,-2.056871213835185
2.6543860865421784,0.45989432073705117
3.569448245323247,-0.06630136173525272
-0.03384664093868706,1.356135694829622
3.322397448608015,0.23806249666233853
3.7436649744176638,-0.34509661712156203
3.6378988325044577,-1.0735033217148533
2.922372158422088,-0.5750892900263966
0.9623476835640264,2.7490286748707833
0.6697305576434767,1.7925704179916964
-1.9936622911762316,-0.446432079866922
-1.5958562593730818,0.8562201552597877
-2.4055976614093004,-0.7158386930526578
0.15888566579293303,0.17357308458898665
3.7078069656235977,-0.5108525414372735
-2.423705175777502,-0.6256198462582585
2.7796855432911083,-2.0664428681570017
-1.055379626803501,0.3442037652021532
3.9875450962211065,-1.9594162249693927
4.379356201727348,-0.3752586764370109
-0.8998536236354064,-0.36677118492175187
-0.36225657971688063,2.0413579619915843
2.022052426327417,0.11104790639074534
3.7931862615384073,0.5270988670232643
-0.3919882758756814,1.7581508380543034
-2.4850985531801673,0.07734569391066372
-4.066622273654306,1.1437520986162732
-2.7276311782960754,-0.7394664796631125
-1.8349228037877536,0.5281165571510166
2.012758804541318,-0.3005867126120399
-2.161154652127803,-0.3935369033460792
4.223841506037436,-1.1056965246710406
3.175101670364478,-1.098274398512182
-2.3092084127448955,-0.724324638747708
-2.7009351650652342,-2.1024818585261307
-2.715798957300332,-1.5126755291088114
-2.663560811791866,-1.5153903400223734
-3.005557402900921,-1.6637155489064195
-2.790514510669944,1.238249413162363
1.209659699317875,2.756455757997485
-0.3931709255848071,1.772363891808513
-0.927261790708134,1.3904816431326736
3.510195257915174,-1.6541160905184167
1.4434943604745143,0.09728895608974557
-2.068697105470604,-1.8999553400424085
-1.2534184613496648,0.39960145344056075
-0.7030118577440355,-1.1396323197756535
-0.9090994960929399,-0.3916851390059825
1.1114874787986817,2.5277456816280077
1.7858034588907563,2.2560380245413096
4.21403108119823,-1.4302743217608778
-2.616874584933218,-0.5917114980179202
0.49235842081758485,1.5243849875325997
-2.14169311255899,-0.5298707803220101
-1.7132621315622614,-0.19467504652007814
4.293275878327581,-0.3672981016814601
2.562775536729441,-0.2722453920918686
-0.9261003488282842,3.6373714797333885
-1.3047231755153292,-0.05468733607218484
0.1715488954432362,0.29654557527400005
0.17904339168284011,1.6099512469779198
3.968329681570466,-1.051477689638939
-1.7818213147558468,-1.5374809661219935
-2.7400914336710507,-1.5891726138145257
2.3130683592039114,-2.3001184282352836
1.709215588844528,1.881622516629923
4.537628113601047,-0.7742904264049395
0.29917139146080274,1.5723259518970867
-2.7212197917634557,-0.7693606933827657
0.5544593028621537,-0.77337721136082
0.8216783477549962,1.228457558903232
-2.696976465799891,-0.8258779012994247
2.9611107748598795,-0.2925421766192334
-2.5245244838541216,-1.1935430777518248
0.27606555979488223,-0.646892728558778
-1.5637205901260993,-1.2078349912048232
2.905128117586948,0.58362373996215
3.452831747007145,0.9657287549724526
0.8606279237493908,1.8821758471873813
-2.8566918396375085,0.6791835948194419
3.014066314178708,1.7902283547260172
-2.676051250417482,-1.70588465405107
-2.0549414890033075,0.7259416561015664
0.7559879645077622,-0.8653595485126444
-0.0652023380597743,3.082019621325445
-2.563274409300135,-0.9845884334469855
-2.8119450765826763,-0.30278584854034724
3.6457856490443876,0.6358184084912407
-1.1008098640041406,-0.052488403664695336
4.1886435590738875,-0.289831468486859
-2.027617699258572,-0.793026292569369
1.0758503779099526,0.39813067194971086
-2.119169205228336,-0.2903766519651985
-0.2497451678933006,-0.09656540893153394
-2.0003818443533885,-1.1716453060659544
-2.6143307924252364,-0.39362867264544243
2.6805278036576308,-1.455846057093046
4.359048093524732,-1.490517004685623
2.798618055339285,-1.113531012798031
0.6684676435089761,1.5219915560576711
-1.0275504969066596,-0.5833766358773139
-2.7859183108698846,-0.858320565361746
-0.5413076315686247,-0.07138771115310337
0.3548318195065165,2.1472693471211954
5.081020416892004,-1.2327378689759465
-2.5691296732054036,0.5837390794605726
-0.9008027503321342,2.644834023774484
3.9039167021976096,0.7816566745711746
-2.279695096932099,0.3678722434112411
0.5078792914115235,-0.3945365417785086
-2.780145622335448,-0.361838284802366
2.6560084390603262,-0.13975639974827195
-2.7407320417306633,-1.1895615592008648
-1.9022328208088388,2.179008553936862
-2.3857477714790702,-1.6992792737771802
-0.7610703036024291,-0.04734608992928091
-0.6893407681722041,-1.011782293725825
-0.20197533972851645,1.674150333412252
-0.540345629395428,0.9328426552659924
-3.5075665040828055,-1.421969911131488
1.0089070947366467,-0.32464394595356855
-2.3184750278921245,-1.3374065566180784
1.7362141822039059,0.866387712973254
1.6367728219358022,-0.7613377366553856
-2.4452555765472526,-0.8128759099780919
-1.9045166321657852,0.031669090602663076
1.9289770941598352,0.026582622595530486
4.148594266000439,-2.04536097070519
-0.5304959468173691,2.6052085017272892
-2.0151818270262556,-0.8700868580579924
4.041427441592017,-0.7821871951576057
-2.4219802585710504,-0.4961613506480615
-2.3589248950140385,-1.3181608903951163
-2.1308962816500236,-0.014652419468413107
-2.9512875397288414,-1.7287810530627041
-2.3692604301476217,-0.029422249004320413
4.992699189253974,-0.8521457140221073
4.662024681203286,-0.3614752079497951
-2.4872771260846895,1.661110121024936
-2.5492017854089055,-0.1515632823778528
-0.3671154138171994,1.9643426635870813
2.1317105254864677,-0.39037584867371633
-2.6560672411883464,-0.9438132026405632
-0.8903615207706184,2.092792290854852
3.5339747343338055,-1.2209049637193041
-3.2782608456237643,-2.5884591942748485
2.0039004751096927,0.7157063081658469
1.9540152828611812,2.180648353767061
2.1527987615943505,-0.20300699794969854
4.882361347993854,-0.01718853318296001
-0.8456404394575673,0.6808903608555671
-2.368165444770002,-0.3124151525858002
2.5845154405577317,-1.4954036333196732
-1.2034317638387013,0.4096974314361842
2.025451324995216,-1.7523121031712758
0.4137738672252716,-1.255709854213176
-1.3140446011614335,1.6367923044881048
4.381247293259771,-2.269000816107822
2.6796413463287734,-1.6122964368323038
-2.3678316349718846,-1.2941557879748973
-2.0584012942222834,-1.5686864103721396
-0.8624518155706231,-0.053566205429118025
3.2663803181905617,-0.7518361013107907
2.5843230809183835,-1.516756426338189
1.5022287043696634,4.598412136041807
-2.0098752032208744,-0.0932515139954158
4.049049505143429,-1.8357247912430406
2.3083097812873903,-1.9391503383742452
1.240709370454103,-0.23849965211770802
2.4239491617611693,1.4414401941873012
-0.06246117850171743,-0.5127457321374724
3.549779577807747,-0.057336714594275334
-2.601530079981045,0.629511803610107
3.7014961656610854,-2.549998918211417
-2.029008704460298,-1.1779836502346377
-2.162424700822992,0.9031504567622246
4.609528994453172,-1.0715674394965014
-0.3932311629975773,0.4641301147869529
3.249211324892561,-1.604763607466927
4.631935851207045,-1.7395604432164904
3.347535452708698,-2.4583921140270806
2.60296507540965,1.3807494745050235
2.1934732905045453,0.26924476529812835
-1.4378364638933396,-2.307367650163669
0.9129257638329096,2.7745901617518403
-3.2226057797466225,-1.9529787388720397
2.7796855432911083,-2.0664428681570017
-2.6186336563999375,0.23131370463129733
2.200065416716863,-1.1765470159031282
2.589552242451968,3.5482717181439076
1.5383493887214725,0.6042915517786204
0.719141849651048,1.3993084892256367
1.4354632128282305,1.031020238783345
0.7657307606964102,2.132035005519535
2.767127473789413,-1.9087236469643747
4.835961070803142,-1.3901276542912688
-2.460773939434901,-1.9634391064967363
0.5015746626765923,1.6312784997682275
1.531376809885955,0.4915571314435666
-0.380863321875745,-0.10018987371657392
-1.9931583779074986,-1.698986726115247
0.5163796754388011,1.0655188320944964
-2.253925912675115,-0.4740101919021409
-2.0870281247106544,1.0848705184811487
-1.990294619352014,1.2847621244157845
-2.602909418492439,-0.6112456915772195
-2.4517418038818013,0.015218339670894428
-2.883246642581879,1.8864812665981299
1.0754557223772523,0.15024768966828894
1.1303770461906706,0.13117108173070444
-1.9582911092783009,-0.20384577677570975
-0.7070348754821416,2.3616562013982825
3.55140288638722,0.165518026067834
0.015633176823224605,1.8175528969893118
-2.237655043083642,-0.5081340996186525
-1.5666277896643588,1.7862235128915243
-1.460418647931985,1.0424137459302292
1.8965641895159755,0.16694954277993407
3.6617725504384553,-0.6377111541175856
-2.2695135032218032,-0.6789671459140636
-2.8786120625304927,-0.168545825723487
0.3023036679018854,0.5613246063177447
3.6973635218314085,-1.9211335330971266
-2.925186683786942,1.5035881800911628
-2.6091200284308127,-0.3987097332984183
0.5297593108050042,0.9186729266195623
4.1032713499890665,-0.5672367619332666
3.110425481379127,-1.5235842163049464
3.5957552073809165,-0.49083798730039757
-1.7289438713663219,2.479883534002948
-1.9684197008509614,-0.21265009327802684
1.5779847435446104,2.319497815233038
-2.2437920587824514,-0.4972956843722891
-3.5769977250417337,-1.2975042595832282
-2.5498403638679887,-0.43368348833741366
2.623465642123719,1.4757571231071858
5.01214170727708,-1.4647355337246173
-0.1432184085087485,1.6529439112062865
3.606194480807235,0.2021129380878383
4.923713866253927,0.18288166876779843
4.196045375249176,-1.626410470295509
-2.320273367976833,1.0836315646812205
2.9893916719808247,-0.6156349922836213
-2.9036480555241204,-1.341253096339891
-1.0757368318118985,1.869801830650219
1.8165746596749248,-1.120897886683364
-1.549549168218351,-0.3665133357953037
-2.066966037359181,-2.063581312665098
2.5425335000207574,-0.24785652538005773
-2.1128463057654088,-0.4020799055262116
1.5774226002040945,-0.2738093451595586
-0.5144509142464875,0.7942967094813903
0.7791717113644518,1.9544394556223885
2.5955976512365893,-0.2415517616702585
0.053705866105762036,1.9479205121282297
-2.5706250067590544,-1.2171968123662869
-1.4095885039228782,2.4945482579717786
0.6825706699959241,-0.2200564459064019
1.8484518449245337,1.203463151427322
3.559470022914863,-0.7361421166258807
-2.7390380706494724,0.3519031424946686
-2.730333416053904,-0.028665652114150238
4.802190461640775,0.34184462432877794
-1.1360584589858995,0.42624742636381446
-1.8847848759802286,0.21505786833014295
-2.1177295666868696,0.5793200896630407
-2.4279734952089904,0.7446799820231594
0.7168946298556611,-0.6052629691305712
3.9290374924475517,-1.3070919628185063
-0.37677144874942414,-1.4590778948914611
-2.676607220135608,-1.368900810524808
-1.386712840999559,-1.9974687925146168
-2.309096446832037,-0.7352634996936667
-2.7207204398137725,-0.14057207724212162
0.5254787523657931,4.72986538360158
-1.9293364461009384,0.08864246479512741
-2.663954040312096,-1.2077984468114353
1.8927132754583118,1.263883507371582
-2.189804889034496,-1.9736537488177517
-3.1541450564256035,-2.204880183446391
-1.9801544759067948,0.646825023720583
2.6448200545470364,2.028399736874537
4.032189178930493,-1.6684964267237157
5.115406688934774,-2.4318299441827187
2.4770421435094936,-1.6796384107886768
-2.6722764321919534,-1.2002427696770386
4.044619121394104,-1.7217470786343423
-0.6735673407554733,-1.3251228599422482
-2.1190971503963776,1.32728711757499
-2.4694254685781685,0.4115115541707249
-2.304778669602296,-0.2904713664343859
0.5805653330246882,1.1676856500734383
1.4059985062572153,0.4919269228714428
-2.6991878920156256,0.08577445113204474
-3.9678136102353516,1.7580082772883265
2.3634139553708544,-1.4863687814114004
-2.463340072946021,-1.6289416823319984
-1.9835642303738548,0.4602279859859039
-1.4648691340921016,0.14334703164993182
3.64269563409536,1.0473998711399304
-0.4595075841598023,0.2771627449317805
0.2887993321426368,1.830456778997925
3.9290374924475517,-1.3070919628185063
-3.0601329038135043,0.5769897291297911
4.428730071688785,1.1491552317615337
-2.514968318099429,-0.11571957000892867
-2.7660866156439017,-0.6784841738327981
2.004150934769903,-1.5991826813250138
-1.3421094730239886,1.0642044462483558
-1.0304150428105971,0.7784058807905408
2.399474524656866,-1.1287878056917355
2.699338555473715,-2.185934693503271
-0.4325855350125693,4.148397321048118
2.1707141168346213,2.211919945442885
1.484521936156497,-0.36179200579736664
-2.4206000860136956,0.7954310633466786
0.4494869637573824,1.3091279778043785
-2.7769806019918444,-0.16917984549995255
4.9166218222340055,-2.2633927991119807
3.507667539744457,2.9088418697139002
-2.418568382482412,-1.31128877380317
2.118827360138946,-0.8732913588156757
-2.6186336563999375,0.23131370463129733
3.678075380572929,0.8199473600282572
0.8956730078452204,1.3129965998527857
-1.835678029356149,-0.2842453353576038
-0.07009894565678268,-0.42773225095830325
5.681270704594387,-1.7645052334031541
3.0766536840825904,1.0155573789939016
-2.917099527147071,-0.19596236236803724
-0.7754994437989841,-0.36312902715896983
-2.6831342575667234,-0.26276560181425723
2.5545262430179676,-2.481734079763939
-1.5071304199160696,0.6732328635204246
2.873162493050672,-1.277784610332375
-2.295931618369251,-1.9324787554084715
4.036174043258786,-0.8172929633237171
1.0953964380562349,2.206695974316588
-2.535193325320309,-1.1626783924390793
2.2030097715353048,0.23176155667499768
-2.4634421658693304,-1.6752056476531223
3.5375453868194557,-1.622904178662746
3.5650591982997155,0.38806720303416087
-1.8107531090802476,-0.581600344970451
1.6610794338541937,-1.3002439917385016
-2.6189088367886724,0.9194257806023056
-1.7418693106220438,1.1407535933796284
0.6216298717173226,-0.8870198417700109
0.9880238321817942,-0.01885448689411822
1.9960111704224828,-2.0778787774603367
-2.9066204812114473,-0.8214795778131914
1.8295685711658864,0.5754808244860214
5.28155191496086,-2.475825347257604
0.09174120715303132,0.10784328952080646
-0.8962399578369259,0.49267354000196256
-1.2144542525074777,-0.7732894549847524
-2.5452879714824874,-1.2539116657788234
2.7730595100790425,-0.3008515612925773
-1.7634962648261505,0.8257915217002509
-1.875085585698445,-0.9460385510413293
0.0647568285416572,-0.017688603779315096
-0.8727242212385945,1.213091970515389
2.3563775784079293,-1.445089540524595
2.1059271342652135,-0.8883117259244655
-2.418533439248597,-0.0703023891446983
4.388271989217725,-1.268629421764785
-2.835277135084809,-0.06704502791761605
1.3197939890744088,1.0497269555659468
-2.652990039533278,-0.14324072789242848
0.26043027422519793,-0.575234446055
-2.335187374093455,-1.8988770378955098
-0.41143807251642367,2.5454429460350294
1.7128847712725537,-0.23788968761461513
-2.334466158380338,0.2572573956444387
-1.3467755087369566,1.8495724004365803
-1.179096728066424,-2.312675627570068
-0.6716508726141747,0.41446470165300486
-1.368684198254812,1.7431437129218863
1.753625005729911,0.4020249741970142
-2.4071428382116977,-0.8277633660348925
-2.529512880263793,-2.8278097041367727
2.6323562010527404,-0.21309964651323723
0.06827190567884851,2.0926122780826253
-2.8910017891273143,-1.2542601972898988
-2.1663999969963488,-1.5910787819583392
4.517278639088277,-0.2842724376173069
3.507066126700359,-1.1124372104941826
-1.1738190294386852,-0.40595920016572745
-2.7358580259639824,1.4955030122701787
2.9945321436376937,0.09194903171110701
-2.0811745990095143,-0.2141671096452234
-0.9296903942283042,0.6012736577110961
1.2078993096215682,1.4191684374560436
-2.0308941596530596,-1.4707649902573947
-2.5024878188018906,-0.9394960922512612
-2.014261199882046,0.6238006104492697
3.5301259971377545,-0.5642222516786433
-2.270629382011907,-0.1603339654083252
-1.8633808701949535,-1.1071294654629151
-0.5960850434532787,3.5146830524638726
-0.8300375988551716,2.4239445930215147
-2.998370440161197,-1.9028355326343351
1.981478766032849,1.9693399496061088
3.219763440273647,0.7060916391534778
-2.7227855260324785,-0.5761253786652019
4.750652878159926,-1.0318702673633358
-0.46475027299388055,0.3597193527096204
-2.7610707902885436,0.8664617936109422
-0.9422842358586122,2.4725755700076735
3.2175931253826455,-2.3930331096655197
2.2724375929609706,-1.7677811390375182
2.7396675813955795,0.26091500017922364
-0.7447740132905766,0.035829313107018076
-0.5960850434532787,3.5146830524638726
-0.3783058187621193,1.004554691083257
2.4872384928794284,-1.0603035104120926
-1.5263812601887101,1.642194686954709
0.687137219183444,0.9792685849052648
-1.3777069328553009,-0.5476687896869291
-2.500611970999216,0.8236044691950054
2.8985998101312007,-1.4390936029578238
2.8773826744780138,-2.4153885840707576
-2.717786565288324,-2.1401208300649586
-2.361100191725593,-1.1377667708163859
2.911270725697814,0.37334453339436713
-1.0071559569572082,1.983850435641088
-2.962566827682748,-1.7670832393788325
-1.122605804364928,0.9893239678466963
-3.051589794573179,0.25075260496199564
0.5017280555402491,0.022276458939970597
-2.251058252404194,-0.025076259852162285
5.511860330279948,-1.488171300552644
-0.3227597740153771,1.141932403358327
-1.132070075751742,-0.029047745052128735
0.4350874052476368,3.280353887324852
-2.641097892003832,-0.88499622781535
-2.8121736537675552,-2.0603735975924313
-2.4951680294337586,-2.245520765368877
-2.109729639261687,-0.5342708979007365
1.405454528511263,1.9006542605836525
-1.8663437984494027,1.2942182775552886
-1.9921761615689095,0.5513465870908327
3.8959355739584245,-0.7440982296693263
1.7901895322698522,2.9503704777397552
-1.0411889309635474,-0.7071055898876109
-0.9872612957535237,-0.7503786283672574
-2.128538800178316,0.8210889669746723
1.251714310477258,2.1699145889960385
-0.8998536236354064,-0.36677118492175187
0.1612566785065757,1.1568705198891802
1.6051423236899756,0.04038988404118927
4.403698293165335,-0.026908918101838583
-1.460587775268891,0.1484813866285342
1.9812847437845427,0.5416357035792415
-1.0686012316921052,0.7413978591319093
-2.751240284765922,-1.2461195238747391
1.8234797098113438,-0.8701729580723934
-0.023031780452785693,2.4445829290860086
4.072242839993078,0.1709724288000882
-2.0606716298737155,-1.3269768494966825
-2.0007804478245634,1.3352515961956797
-1.7643019662466646,-0.017744432714295235
-0.8878886059237057,0.5589344111146459
1.967895092303309,-0.9145614557987692
3.07289087808399,0.8604928821667323
3.5578782408215446,-0.9681589554327996
-1.2434434829714378,0.8969201138925962
-1.9601485350123353,-0.35892537254665186
1.0240648531912426,-0.7317507507364719
-2.6046284902835763,2.026322092758118
3.1675442724170977,0.37517977843682926
-1.8303361509413487,-0.687964878655237
-2.7837348970598983,-1.900477039034218
-2.8539129922783433,-1.4725849190409181
2.5299744662856356,-0.693008133313394
-2.5369045250777225,-0.11803524073656729
-2.1020361362896276,1.5504163895409326
1.509536490428305,2.0012592118062296
0.9087850444267151,1.1784683685151816
-2.2985754231771893,-1.3304624198474941
-0.416884150402656,1.9229833837703978
-2.621159671230489,0.9636288329737068
-2.118271589876338,1.1294458141343653
-2.368293680674205,-0.4825059573002308
-1.4373155280263794,0.16783458814452254
-2.640962087487005,-1.162250198650644
-2.476154908899769,-0.3672090081841077
1.355164386712256,0.06063713689169987
-1.179867438017171,0.17627449909476015
3.5437310626661085,-0.5557599156771322
-2.73148204481912,-1.4241612173380567
-1.9477471343535104,-0.24886188322095854
-3.1624188428076945,-2.528220385216203
-2.5176044035904153,0.7620903459171311
3.4769626383535757,-1.238315979675796
1.0338575607480387,-1.316388476092474
-1.5113195262282724,1.0994292609124754
-4.6472523818042255,2.564994683220379
-2.9281414113625095,-1.6437360306351556
-2.471297146021832,-1.0162543053013586
-3.0576175492596485,-0.3438788961555177
1.1906059410689251,1.8604409211775585
1.7412244174117253,0.31801439926272235
1.8508965502416774,2.1991363725893165
3.844684214159179,2.6444119507185313
2.216271619417798,-0.3064139328320606
1.7200079641335881,1.2123153115213314
-1.1547033394717046,2.4272477127684855
0.4337560851598285,1.0860618620723006
2.6180530423207116,-0.6869721236793931
-2.65093836983462,-0.6672512202742126
6.246778894821268,-2.2184895596905894
-2.4206000860136956,0.7954310633466786
2.6966139363697588,0.8336602455268143
3.929160219243222,0.33737278096811674
-2.7993639216509485,0.10234114899298684
-2.3534300542238995,-0.7122672146165827
5.28155191496086,-2.475825347257604
-0.17361483592587834,4.4097798876069545
-2.378096625435265,-1.0483707976935341
-1.428004617540352,1.2513467649373118
2.5142907101876695,-1.1151947700553724
0.9157669063447279,-0.23518904700247065
1.8850504199430058,0.6586989868307317
-1.6694956641602328,-0.6619506159891027
-0.8452451618939445,3.5402929648315333
-2.5327772812973866,-0.049002825789670294
0.9390119979822565,1.7328386429761067
-2.622415789510252,-0.7563855408596155
-2.28104434300074,0.653018653823888
3.186918819707443,-0.47120868543460126
-0.6858341778413353,1.1927780816318219
5.628832075943956,-1.8505174650468006
3.051494453903819,0.34651575181998795
-2.951515034887611,1.0325971022226137
0.06475867131093535,0.29479010679145523
-0.13701665071655916,-1.6976583670313496
-2.556451269837844,-1.3437974372725583
-0.5041092890220105,2.4772078875678782
-2.017002703038453,-0.3415213275904202
5.770815374346044,-0.5200718239489847
2.123236050499124,-0.5560649265282043
-2.424769609408499,-1.4653977591437495
-2.9643237927343726,-1.8277315754506058
-2.126581871771187,-0.890233289979704
-2.746325796513038,0.036423201805740796
-2.1818619824490013,0.23861099252461776
-0.5985881841306068,0.3365168699424841
-2.8143800238879657,-0.11746762249307459
1.0122773427572542,1.655232964547763
4.759812899755961,-2.5046322198540745
-2.599709534729632,-0.4997269617360236
-0.6740824295336726,-1.1334020986186506
4.835961070803142,-1.3901276542912688
-2.162954182618963,-1.0545736376836652
-1.7321420577117224,1.314891488182337
3.474385180086898,-1.5151297616965285
0.6268814353801797,2.2015665329324623
-1.2716638837169447,1.617583151639903
2.668345227210206,1.060936055185867
1.691634844968421,1.194148443446463
2.2298153126080247,2.797870266221011
1.0506422649291887,1.640049751401746
3.1200309092466294,-0.688500629166928
-1.0709509827249497,1.4855687028454998
3.424585841215486,-0.00038198409810237283
-0.5454295810950958,-0.8107813437531738
-2.929831059922532,0.9710732685021625
0.39615257334943366,0.19499413831490414
-2.61799204655266,-0.30419222137878077
-2.3005174327751923,-0.07256670866728065
-2.06629709792135,-1.8465435821973897
4.296999312683383,0.15518206613177105
-0.48450096834676337,1.4022528789784026
3.913391615994669,-0.1373728286318392
-1.481368816392731,-0.25740585629128165
-3.157796220325526,-1.4531105185334194
2.1916187044794384,3.6119811623661646
-1.93402581856412,-1.201788433307232
-1.7061182436140268,0.014976276422330952
-2.4272906881045233,-0.5209901573458222
2.6015402884599044,0.05951831646108076
-2.1023439587324075,-1.236610641403052
-1.1088939478610491,0.8516229562359232
3.329635101667542,0.46020068672379466
5.442950380508946,-2.0615772287474865
1.1531662944986247,0.22135378686190166
-0.049383063687415955,-0.15030335244551002
3.491506975800791,-2.5101945968755026
-1.63444519293524,-0.32786514085033674
-1.835923905363183,-0.3740912328141451
-1.5689334229379521,-0.6317640887438106
-0.8115664033009875,0.2016689656600864
-0.370294564938706,1.5513630333464536
-0.4325855350125693,4.148397321048118
-1.8862665579106435,-1.4507242410456247
-3.465583009292074,-2.455048297837825
-1.9014832602650236,-1.7973386507889804
-2.2211491413983517,-0.35210845300515875
0.4839203220683703,0.2589402115963235
0.8228623370688642,1.6337415055178113
2.9945321436376937,0.09194903171110701
2.985360229915434,0.2575957681674355
3.0901521097204507,-1.9787162206591442
-2.9008486579548247,-1.6982304286505199
-0.4007239152947637,-0.2550132221751415
2.9107237766782723,-0.6670604538702786
2.9527000048751937,-0.6235491553568812
-2.129283918596102,-1.021177656256883
1.4312635710686823,-0.2827378747623326
4.605755600102262,-2.7542505774020434
-2.2933933368900346,0.2531667750985752
-0.3035804562281294,1.7111859528830502
-3.1795117616113844,-1.6016632972084064
-1.0026162178524523,2.079116348682251
2.2866551186052564,-0.13672968256083337
-0.632832493622709,1.5361491306259725
2.6973652579627747,-0.27902895225811947
-0.44753162561331844,0.21467891959668287
-2.6206957729073683,-1.4061699632067706
-1.794384871531623,0.3111909063704769
-0.24566544538504306,-0.35940560488239637
-0.7902237106226313,-0.42088807366722164
-2.205458950748195,-0.08509316629904229
-3.4111218234889362,-0.13992447413321696
-0.4384443006239801,2.875951380654411
1.1473930869123048,3.4017033134759145
-0.8703553494996616,0.770928140613401
-1.130714942767018,1.6828190881376868
-2.3583490679712895,-1.2608242910617016
-1.0186328963876579,1.6475204948453268
-1.1961594737531234,0.8269406077358833
-1.7530530636061288,0.5223653866400846
-2.8754168735377004,-1.1918173110956556
3.8570720893163313,-0.9677559741585999
-2.917099527147071,-0.19596236236803724
-2.658598738121116,-0.5671602217839532
3.6378988325044577,-1.0735033217148533
-1.1647893204572008,1.7878308787790294
-1.879640778553005,-1.2184965384162119
-2.5967916330603122,-0.26620778849393406
-2.1575886699515543,-0.9380971845017854
-2.495450402502282,0.002847513926461924
0.6682048051581112,2.8004660838296513
-2.630931306526613,-0.6143170098625628
-2.303862450843802,-1.1254969877025234
1.251714310477258,2.1699145889960385
-0.41829248823502724,1.362551512468782
-1.3207255845603272,0.8342841895762804
0.8216783477549962,1.228457558903232
-1.5154962399787144,0.23284800665122754
-0.9625669942011866,0.21435295148981176
-0.2899796642136947,1.9239942848040155
-2.54001662807353,1.8661313120788852
-1.0398270160328027,1.686272353826609
1.8567675054218962,1.0140784221750823
0.152171054823796,0.5145770055848401
-2.4825541779607954,1.905024734314413
1.5049092132263306,1.7353119879141399
1.4329603993934388,-0.03659937951554995
-2.784418907849372,0.14773538406437467
4.255225004665851,-2.0475011316462233
-1.8683795600005175,-0.987487048551726
0.4849595098092719,-1.045903424020109
-2.335187374093455,-1.8988770378955098
-0.11044359249788421,-1.7219004635284854
-2.886308240808948,-0.40269436426195365
-2.566267243814836,-0.03627497203528916
-3.2858496384315314,0.35586336914535044
3.5973850876458253,-1.7967775276468865
1.296077220785501,1.2358037566147286
-1.9965711219830906,0.6936230455639184
-2.1788890216925236,-1.4584800964118354
-2.2894637601937804,-0.9280643451029024
-2.8786120625304927,-0.168545825723487
-2.7881261893335743,-0.16312159186298325
-2.4970982326128293,-0.5799050714754996
0.7618402574140393,-1.9821497604946479
-2.7660866156439017,-0.6784841738327981
-2.5229793889159726,-1.2075126690923423
3.546357790242598,-0.887414057733526
-2.4826560237526807,-0.9044050847077695
-0.8182967253428372,1.0807768541565852
-2.883210940382777,-0.08045046298666891
-1.3207255845603272,0.8342841895762804
-2.3665375470857186,-1.406983606160977
-0.6702815516539216,-1.882878706560713
-2.0151818270262556,-0.8700868580579924
-2.5298373665666647,-0.06200435213306302
-2.765087692106366,0.09466969107571109
-2.7154059407906628,-0.743954170478655
4.054618474277989,0.4195684652221137
6.149336940574039,-1.6371267323811476
0.41470325279747294,-1.6892125759820036
3.122436437620372,-1.401186479194824
0.6041859959347643,2.067328484844807
2.697371885464302,-0.05409057182984268
0.7450259636992644,0.5437869856287867
-1.3440245036290843,-0.9745844136452141
3.333150238392225,-2.182734480128979
3.6757409361149596,-1.9442408425597382
-2.4810237495378615,-0.6196545490692764
0.02819892794597123,0.7362114977706122
2.4770421435094936,-1.6796384107886768
-1.611394897268413,0.6405137503774012
-2.349709495563538,0.018221745787645932
5.354297315977103,-1.4252293256288269
0.9278704692780125,0.149463399738383
0.12991333145239672,2.4594651120094313
1.2192292115091463,0.9393788328603784
-2.601530079981045,0.629511803610107
-2.528951633366965,-0.9631008366262831
-2.776505474529748,-0.6276479431473306
1.929126000202085,1.1077325834047762
-0.24222508205032417,1.764890739107115
3.559470022914863,-0.7361421166258807
-2.377150081481366,0.2503844004262071
2.8019243150786424,1.0664781589220391
-2.5563735787131368,-0.04926563623261259
-2.1117075496304007,-0.31685520839357734
-1.9613199119062403,-1.1989583120039236
2.3474590092692695,2.075090473361693
2.087865520232608,0.531883894315365
-1.6280094086878059,-0.0596031876183123
3.1200309092466294,-0.688500629166928
-1.299749774005891,0.7039280894190978
-0.8168619173716962,-1.054076323893537
1.2021378495101167,2.889455274990695
3.9039167021976096,0.7816566745711746
1.2900178860466995,0.9966581927876244
-2.921748561180008,-1.2695395644593315
-2.6748671489013223,-1.3138328267221775
3.5330703545154716,-0.6842579502685263
1.7766788144266443,1.0913127371807498
2.8005340405564234,-0.8228985319819515
-1.678120348758918,3.2263301472325514
3.7987824130175336,1.7596068290026494
-0.9100161459183095,0.7459201065613553
0.6360441645598697,3.39649489267787
-1.9346805768288347,2.408364011209767
6.45665688834601,-1.1929375875394133
-0.00988578130712683,0.8684563268760271
-2.201722779366755,-1.1407738179516844
4.436344075228239,-1.8938727221338807
-2.505049294310964,-1.1938493367380487
-0.07942900035755315,3.2341068483082056
2.766813981362987,1.093391551682281
3.464831162777733,0.16251106277666444
-0.7064351827588446,2.005690108372526
-2.5229793889159726,-1.2075126690923423
-1.1013020466422991,0.7988980839519885
-0.510063835579599,4.685391942201749
1.2573764167547825,1.0091178968020789
0.6324241963757615,0.09812646942636075
0.266831200980635,2.7615169993468185
3.1819617761689165,1.0883019007523984
4.35811092769203,-0.9109978878859503
1.2747188839319703,1.591247490185039
3.6973635218314085,-1.9211335330971266
-2.3369961059970685,0.7118236266019555
3.7759018945258647,1.00026330819079
4.978125258503261,-1.6659368092765894
-1.9848187015527774,-0.9952017341231261
-0.7371916176743227,-1.6567604489210181
0.5042943894930593,2.456700018968002
-2.0489444211154777,-1.4425214599360834
-2.4464946113547508,-0.30101247550796684
-2.4571382432652564,-1.5770211681676263
3.7960593316224087,0.02440486475262486
5.044615666569176,-2.0300762054290495
-2.077570449681058,-1.9995951239688092
-2.5403359195493755,0.16766550969932673
-4.10086999822739,-2.0769674286715887
-0.2238007759483433,3.329764716203105
4.64927034963876,-1.3303823958817085
-2.356789391773377,-0.2022518929250887
3.236357734601892,-0.9060280454478142
-1.849870508791117,-0.641941619316497
1.3726383071618156,2.409110941724193
-1.7624237083207548,1.5223451476587588
1.453452252733514,2.8358269467164163
-2.3369961059970685,0.7118236266019555
-2.3225757875194333,-0.8007887334804793
-1.9672889794348656,-0.02822979010727338
-2.988971509932204,-2.07675937849582
2.7433285943277363,-0.23260078458301478
0.1978559074287935,2.6808067374754043
1.5765221151224371,0.9446452302475158
-2.3072960617834135,-0.9971896980468725
1.4865211394114157,2.1129785031606567
3.8504005839249738,-1.8952761272769871
-2.5324130782927936,0.7036206999788427
0.4287544613812869,1.8898819212620073
-2.409359956627784,-0.36610093917148445
-1.7952337726343,-1.119511661739476
-1.616952556517054,-1.4514606251251376
1.262350569476877,0.8686452478549634
-2.742284412940519,-0.512227374127877
-1.0223600077643937,0.033917852972974435
1.7143078910147078,-1.1243467076084903
2.5251972446162143,-0.625613004818351
2.3634139553708544,-1.4863687814114004
2.637403784625716,1.807372449472619
-2.79178381986269,0.4210956129277692
-2.025612263684791,2.117331274271494
-2.683077726761491,-1.444332009832168
-2.683370822074477,0.16852829529956417
2.683512170459844,2.358411111804816
-2.0151818270262556,-0.8700868580579924
-0.9261003488282842,3.6373714797333885
-2.934383266151538,-1.451216843648102
3.7836538275809795,-1.3591584971240198
-2.3972815572697215,-0.8205102868012768
-0.32238664371486564,-0.0532099568510797
1.4852183950550588,1.4487123305453367
2.2068618739259747,0.1374393668910816
-0.8881671749912217,3.5531707243554456
0.042348091151940534,4.834393568564005
3.0261807353301156,0.7044059265459859
-2.6991878920156256,0.08577445113204474
5.511860330279948,-1.488171300552644
-2.699756012756985,-0.7001177098425048
-1.1013020466422991,0.7988980839519885
-1.5271119913300861,2.23348612617309
-2.2761001311942586,-1.4351619417134998
2.5852582261342594,0.5178806219060041
-1.538735290477007,-1.2147244502780186
0.1995733668831675,0.6339446447712797
-3.2032394832401128,-0.9013682604328722
2.0538517503415332,-0.7726542958167387
2.002679760674674,-1.3979746305464575
-1.5073468422485308,0.2928439064232611
3.1551217628003894,-1.0329808246891694
-2.4206000860136956,0.7954310633466786
-1.9298987765374211,0.9548745862681448
0.6637189149875425,-1.6507989707233668
-1.9398620887764053,0.38640536198357917
4.165242436504057,-0.8415021626138337
-1.8663437984494027,1.2942182775552886
2.6596279901091076,-2.210228273252841
-3.345070146305546,-1.9113594348368597
-1.0709509827249497,1.4855687028454998
-1.3657410153456155,0.17074180310677728
-0.8644059401767592,2.411188868005097
-2.790514510669944,1.238249413162363
-1.527923047528683,-0.5446637445550663
2.863890699818967,-1.331534101850976
-1.9623331909808837,-0.5866955476599541
-0.1401394291026971,2.2051989097608056
6.412651575418655,-0.9679002583994447
1.8572153537135974,0.6728557883396891
-2.2761253796637293,-0.6589021960293153
-2.7037882286451085,-0.2848211539482976
-2.6626847110976697,0.8738938342604397
2.410432210856937,0.7223158578539747
-0.03466650026410456,0.5154551503687793
-0.680316412961645,2.3408651799996325
0.4494869637573824,1.3091279778043785
3.4062142235275665,-2.0012370347099933
-2.4385959497643235,-0.9282587543351529
3.4010525988039895,-1.5097244255652238
-1.706615630309384,-0.7092490464905596
-2.8420943439119566,-0.3171151850666311
2.534153740949921,-1.0914499196761012
-2.777853855973971,-1.6174724323670462
-0.6235115367446542,-1.5289572622887755
-0.4007239152947637,-0.2550132221751415
1.4004142986599462,3.868800664191212
-1.6850541480923449,1.0595801147933046
-2.4948744853093823,-0.8502028523378561
3.6681626824390148,-1.9426190882295702
-0.896312137514384,2.189490775686361
-1.1533769049608615,0.060942958865912646
-1.3238900132515536,1.794132184422871
1.5564839416226346,2.3034803153139096
1.4383402795382718,0.12401735093277771
-2.5030853288874284,-0.7721700149770244
-2.314414350349817,-1.0832060552897815
3.0835374259893977,1.6066897654477128
-1.5101995323449493,0.5849383822718266
-2.007603289749158,1.043536281069857
-2.963880993719654,-1.5573890754078108
-0.20536813123784836,2.123290665080069
-0.027258115081205923,4.040051962289301
0.2178137840293261,1.2656260623884474
3.050016892071826,-1.5314040374088467
-2.3105447845749723,-0.323233503496807
-2.6911018520524674,-0.7584398369003736
-2.5135972584986708,-0.0660183298337087
1.4874369468050097,3.987874480997759
-0.2500103739147509,2.207001548965737
-2.930333977273985,-2.280578373491115
1.978297322216622,-0.9721518654943179
-1.8943962695566219,-0.7794537563121497
-0.551892359944348,1.5086360496581825
1.7132870286896955,-1.1157095009997646
2.6164528935410014,-0.8458890315697849
-1.525711541658726,1.2915332570708848
-1.989922231531382,-1.2946494176723538
3.1987291032588256,-1.2222246564991401
-2.4204279603800734,0.46344163718948483
5.32567398914217,-2.5652449456052673
-2.128242026208035,1.0558814864219632
-2.5083030324833735,-1.1134344111931882
-1.0944029191376106,1.4240602147993724
1.8064219681507712,1.458084685330789
0.8096932840693765,1.6518706646623822
3.199701807931582,-1.825912295051856
-0.6849282175955491,2.7167881930679
-2.293985110928244,-0.4481804978936494
1.7417232560913944,0.9109000232315537
-2.1695539605516045,-0.5509139675641143
-1.6360203665607516,-0.908316196535256
-2.3378978101684593,-1.671143983432129
1.0636495195050102,2.7167715344598724
-1.9425422423750967,0.7331753612680312
1.9858044602279767,1.6901824892412067
3.844684214159179,2.6444119507185313
-1.201217146454,0.1883191888186494
4.374835467225853,-2.1110714940923803
3.491991063274103,0.5815897423297197
2.478975235150134,-0.6960892658813772
4.508592601813249,1.2231465896339702
-1.5553036112434737,-1.5205324169873664
-1.713748299190184,-0.3428206707204344
-3.324535029407574,-2.4978367487787283
-1.191388947175529,1.1082753433871084
-2.4390591653798235,-1.3374150242783083
4.251294358445653,-1.518920001033759
-1.9328777115197087,0.08108712598277185
-2.59796980816952,1.3480818423219412
-2.490394402949296,-0.6908521811263376
-0.6954306863260751,0.23908168027404603
-2.384351447090586,-0.7384301203732737
3.193875109350435,-0.520947585261089
0.4110586740975254,2.105395245384073
2.279597665130759,0.6924314261313386
3.6269565406789575,-2.070950129610811
0.23736786994058529,0.9370283171476033
2.4339433263696626,0.19850177146680378
-3.0777841643643398,-0.22221693199059125
-2.807317556270089,-1.884579797131681
-2.1484138328612086,-1.2690942139424541
2.1450120114959463,-0.34240306800627546
-2.773806974007974,-0.48019949293166014
0.9222506448955384,-0.053336810783494185
-2.688164354229454,0.8272253298938383
4.74906040297062,1.6492421327253108
2.712303370646105,1.4364600273541142
-2.621159671230489,0.9636288329737068
-2.422042701614153,-1.3725412220240303
0.06793748785820398,3.3019534037672154
-2.8970113370566115,-1.1395143653702795
-2.123670790275534,0.5964757977071286
1.8356649956752598,2.713791425813165
-0.829761891020817,0.1922723165120518
1.6051082614244572,-1.0247893114756603
-0.509646231498922,0.8873377111413285
4.387001515791866,-0.9361325011122612
2.8224646621565324,1.4652467288960793
-1.7081733837741486,-0.7047944551058497
4.40444356480896,-1.5883366824991583
-2.807407355723666,-2.2008807832794606
-0.4595075841598023,0.2771627449317805
1.3830098384586056,-0.3169421297226842
-2.744673852750005,-0.2953178613505207
-1.8050813200852622,0.6703597222077368
1.5924213172276347,2.4941360381764315
-3.0148584351412446,-1.513127994649585
3.7836543117800523,0.9736880545682506
4.897643223915857,-2.242540660338531
4.136175295901855,0.6383660522907508
-1.666503144769391,1.0505165601235018
-2.4839394390553755,-0.8101480493996185
-1.9628950053444363,1.0279185749760136
-2.563730791509399,-1.7221845880860331
1.4865211394114157,2.1129785031606567
4.6062746521693345,0.21055090837022275
-2.3991106269242373,0.904894594309671
-2.1788890216925236,-1.4584800964118354
-2.5183986684913107,-0.5226968693742574
4.66203138429465,-2.005995013288509
1.7386189455208843,-0.6501635236911508
2.4432081546274063,1.3469284527796808
0.15888566579293303,0.17357308458898665
2.6311985504515434,-0.8182456912171627
-0.6366442640051608,0.9892518920349318
-2.6540659102524424,-0.08794542057022793
-1.2239292301334597,0.08974668118000344
-1.015346393168469,0.35830607914913076
-1.4666209489425914,-0.337582233348352
3.5205722037464144,-0.6976709295466296
0.228804420253255,3.196775223248763
4.419516114912315,-1.8883558628072488
-2.685729369557531,-2.052174342421423
2.4169346472327415,0.6112501467031138
2.4366573998066916,0.7393834870234276
3.443631732905275,0.4181160441962989
0.5797786256684084,2.5911232769750434
-0.4567184128706441,0.9595974889374038
-2.570717093270269,-1.7834314308496715
-0.5782007850595462,3.012549535733742
-2.5093877359068517,0.1653041056608053
-2.729237473181008,-1.311848023287882
-2.193311206246192,-0.07181608436002092
-2.2916409190055713,-0.29442519696232605
-2.3002812891839675,0.7209067302354641
1.8543957805397437,-0.8460425741060137
1.9127519040020715,0.2658378653245286
-2.7825452300363684,-0.7918879319148481
0.9507708007351698,-0.4299828593517737
2.4261549118116785,0.8944508021301213
-2.379994795026733,-1.0386073088859311
2.2224977611980368,1.113978513537518
-2.4426393731437157,-0.8905582561418155
3.491506975800791,-2.5101945968755026
-2.332729558476591,-1.8956601905963881
-1.348161944729542,0.9912386499772946
-2.6702862862538392,0.7231223503160996
-1.0300779219391434,0.27818737852364267
2.004150934769903,-1.5991826813250138
3.3176351049350528,-1.0080303044552987
-2.0332098841066446,-0.5267353458007731
-1.9628950053444363,1.0279185749760136
-2.187348481890462,-0.97562273837555
-1.4633829555039348,0.9195728555546244
-2.320741514861145,-0.008769187440022145
1.9690712333926235,-1.487176400928042
-2.938590375910361,-2.323177348778986
-1.9910636236873698,0.6552167341729923
2.780166806204185,-0.11336803350077801
1.2700706668527206,1.5531265279800541
-1.5915992861523602,0.9460537348124441
-1.810414812486767,0.3326007198630572
-0.24768380667837403,1.5070167826402279
-2.052128013483297,-1.4349329821885655
1.8952202617428622,2.319094077087751
2.8937176811488676,-0.020095888160167226
-2.119169205228336,-0.2903766519651985
-2.1818619824490013,0.23861099252461776
3.8573466920367743,-0.8418718637825651
-2.077570449681058,-1.9995951239688092
-1.686380386761596,0.5145586987344932
-2.673431817008206,0.07391491085943977
0.5411102151721211,-0.9049632558987841
-2.316785752977129,-0.8261393268493035
0.5498974817759681,1.2493788876834597
1.978297322216622,-0.9721518654943179
3.8299596311576436,0.14132777669782998
3.682796825569826,1.0962322375031697
-1.6474927807465114,0.6617711254383293
-1.2712180464587488,1.559228128500633
-2.566571182850203,-0.3694979804686664
1.2747188839319703,1.591247490185039
1.2981104613092287,3.1426162740131787
-2.4333731447980247,-0.5615535803769377
3.845432554844693,-2.2123582472079506
2.975048167785235,-0.6059227781988734
-2.780145622335448,-0.361838284802366
0.6253500466604118,2.4398406155320034
1.3357705999035532,-0.3249122913834729
3.3163863878756583,-2.4367576199039225
3.795709827078478,-0.16749955974741626
-3.0344862969389266,-0.21019977601222936
1.6001219937963047,0.7970350965009517
3.3827710536180082,-1.4339778843219826
-0.056418695877955984,1.7570211093081742
-2.9098693771302995,0.5124825617056549
1.2065808518263859,0.02167085709201132
-2.587971122964134,0.7589779344214524
-2.2933933368900346,0.2531667750985752
2.6452739556188662,0.26766134130230645
3.4451531758575187,-0.16591770090785704
-2.7825919012920375,-1.4317951153128352
-0.24379793940734168,1.8737879310024943
3.5846439272628956,-1.9595366983798304
3.8767022508179365,-0.48847785225254947
-2.159088203190271,-0.0246410011734508
-2.432821930720855,-1.2972877737644875
-1.3939222385720054,0.49307458290442835
1.0464352100620047,3.7681987227299047
-1.616170074502501,-0.5875174302289082
-1.460587775268891,0.1484813866285342
-2.150065181735218,-0.20381319176626184
4.133673682909097,-0.6903899883279582
-0.9813959785093275,0.5776665863074384
0.4337560851598285,1.0860618620723006
2.650316558283319,4.541241826801754
-2.404225649710449,0.7365646045937925
2.96716269785723,-0.9279241068915011
-2.576151756694051,-0.3374712128239094
2.083092206710269,-0.7856771385436456
-1.0484764257661832,1.9950521864180666
1.5676646081548726,0.7439216326272702
-5.20151066553478,4.419977583081401
-1.8889753867887737,-1.286356472072089
-0.3680348852646023,2.544294158784492
-2.746361957172254,-1.7834465490691018
3.5165153873262023,-0.8655527437527765
-2.9413039633887816,-1.6029511556711764
3.023036707714485,-0.15749669762511878
2.6654175692380684,-1.8450358699080516
2.4811730046409415,0.23305437275926408
1.711128346815166,3.464945612492763
-2.5739595044112997,-0.2573767624838638
-2.008771022994473,-0.5580131435551018
3.5549418725831887,-0.21483061301230505
0.2582879667641998,-0.3895406943565296
0.9497829701723485,1.2615711844648245
-2.442985869355027,-1.1832190652941046
0.6216298717173226,-0.8870198417700109
1.8099295252877439,-1.7815511773193136
2.9107237766782723,-0.6670604538702786
-0.23516709984762774,3.3764753436953003
-2.3797523040434263,0.517707668413316
-2.4847902177896692,-2.0947676120515273
-1.9731195724030983,1.417941523867667
5.808300216532221,-1.4882196287340503
-2.5196610164945286,0.12173592991090794
4.034986640055409,-0.24064981599784355
-2.374228421796214,-0.830860573909145
0.2854298602582269,2.690960852582609
-1.3663771855464566,-0.802549262182929
-2.177590291280511,-1.6957217228531476
2.0119034052246834,0.8176647251983952
5.335749647759028,-2.3338124781369416
2.014732809138727,2.145071102807887
2.1736044736405593,0.43644438232129884
3.2182238756616037,0.3292704121172764
-2.7035679115927946,-0.004573017793805744
-1.6263134999490898,1.646675174698514
2.169845834266945,0.5153604744826715
-1.63056670182348,-1.0291112711007302
-0.3245795066059432,-1.02609332278848
-2.260366827384716,0.4343648088863389
3.595520339272945,-0.393072611329381
1.859096689332279,0.6333077578682702
-0.8042747018632318,-0.6938440099208476
4.88563104099992,-0.48517005087536336
5.300902258880036,-0.9594270289087917
-2.5398559019258196,-1.0939279742322177
0.08574380616440501,3.183911214499351
1.9519814435145493,-2.833185785613739
-0.8338963448022851,0.1466937704315258
-2.7854922303695364,-2.2578076268831992
3.037816870551014,-0.44842078898957455
3.113979279284728,1.2534709184556383
0.405241158105019,1.2802680854405457
-2.531895276779217,1.0812415763844998
-2.1601595283717945,-1.9416657734847729
0.3450753287727425,-0.21525032089447474
-2.4002595643051694,-0.7504948797915282
-0.7771601915300593,0.2947950359000793
2.3083097812873903,-1.9391503383742452
1.954306783514276,2.4221708665270505
-2.386912230039927,-1.2869243550355074
-1.9270142685811478,-1.4355068366745942
-2.624766796218024,-0.7306510120249787
4.436023031598899,-2.0535300622886723
3.022921938108538,-0.048418837650541224
4.1032713499890665,-0.5672367619332666
2.486119942469108,0.8503495956650229
1.5022287043696634,4.598412136041807
-0.14447982774785395,1.3630945994997252
-1.8862665579106435,-1.4507242410456247
-2.352696415194632,-0.3662703102409261
-1.386712840999559,-1.9974687925146168
-2.8622493068508374,0.4810719819154856
-1.6151914448781834,-1.0485875026836182
4.0388133754914985,-0.2593187981791548
3.486245564367517,-0.9872136527484258
3.707223202058676,0.05435602136622861
2.9324778439729355,0.35966979611017147
-2.606876430893291,-0.8392120602311208
0.19578370711409668,2.947578860744748
2.1887685029828168,-1.7116927453340367
2.718673539189928,-1.1052925180071123
0.5224233622829525,2.38691504415408
-1.9407855782991736,0.7300286071706271
0.362603897538845,1.2743220491923377
-2.5821307331526575,-0.07549922082158743
-2.981997267109259,-0.3271536950699176
3.0567833241131046,-0.11227370581223536
-2.746866352331969,-0.22144432036131065
0.2239616527782896,1.417950434095333
0.31904690606515307,3.4619765168295045
-2.2005525600437212,0.02568244595829942
-2.1591051604891476,-1.739550674332221
2.657115293696123,0.9098477637726547
-2.3269463333229536,-0.5607456709433897
-2.677101482477431,-2.051093788107429
4.673324585271063,-1.7307719193691256
-2.072225636336063,-0.28883218388781384
2.8425984625572727,-0.9757081307279905
4.253366227434734,-2.2808027636814887
2.7992460974035014,0.08052103103516473
-2.529157038146523,-0.40715257098930874
-1.6280094086878059,-0.0596031876183123
-1.2480355634658808,-0.3853208429254199
1.0949084256705193,-0.142222324124053
3.2607676123435794,-1.8702770447281607
2.93700850013644,1.508052404517516
0.09906973670354034,0.07158446163813319
2.5628817929385277,-0.2386864946799804
-2.5526627229920065,-1.6579464612898422
-0.37009743670122214,0.3480233992121915
4.145948451917482,-1.5361502299334853
-1.525711541658726,1.2915332570708848
3.084349809732578,1.411491075809178
1.7637481389059697,1.8660347790644356
-1.994699157205677,-0.22670534821595198
-2.2119639075158695,-0.24881353227405126
-1.5734389260632313,0.06455562862522202
5.004278468162109,-1.6988190738965285
1.9244371399728424,0.5527854763999681
3.360131336745938,0.22174780981682132
4.0656071802092955,-1.7163697047119404
2.4880187882016997,0.019095290482312913
0.7807490846498979,0.5945606826444243
-2.1895756325356457,-2.1831060568134624
-1.5915992861523602,0.9460537348124441
-0.37281027328135014,0.5818461701456712
-1.3267013553587261,0.21722839281914308
1.2766497498403233,1.934557502582956
1.5937753357116209,-1.3874218586691065
-2.459598577240868,1.173415589171134
-2.516783587395494,-1.2360535027868673
-2.9059345220646766,-1.2031845420462057
-1.9940628868341947,-0.627183626348185
-2.6702862862538392,0.7231223503160996
6.09605318460424,-1.921959026019202
-1.1728726635252849,0.3728972069842526
-1.1279810521969593,1.4007786068028913
-2.211962863138133,-0.9009814774067083
-1.6373231548242544,1.2733906337325536
0.3791104110714099,-1.3946096128999936
-2.2847777453654468,-0.6840618832475459
0.3609692872211761,0.012776321570436787
3.438719217163068,0.4660895681229925
-1.4662602679343655,0.7672127290601422
4.411976662075722,0.15875279161994646
2.8806970319901577,-0.6315114184710979
-3.0462653163610978,-0.4879064678048558
2.6634491188755223,-0.6237897502132406
1.9139501460845545,-1.116343925809845
0.4174619081597072,1.4327241668397348
-1.4643607981247984,1.5966219129270123
0.30430150412078616,-0.7150597910809752
-2.589077974408445,-2.1424165014902288
-2.7260028838752275,-0.26374219368771207
-2.1585708754978534,-0.8781279312481353
-1.7845486477146213,-2.348368776735466
-2.4694254685781685,0.4115115541707249
-2.2849466889083376,-0.08760324358608097
3.5885706064388367,0.11909089086826467
-0.6830852243095982,1.2242521902768837
-0.16680154026455477,1.0518231710990715
0.774871012767572,2.5552130018125907
3.7830004816273544,-1.6078382445814043
-2.0842539571531074,-0.9904299667568695
4.840499792600009,-1.1198722244395845
1.8962069880212626,-0.37083732445601836
3.5458488119146185,-1.3631711604902645
-2.742284412940519,-0.512227374127877
-1.945382241364359,-1.195944034768314
-2.809442391579929,-0.08755015202733242
-2.7805349986713015,-0.34465134468917075
-3.0088158477384814,0.08519670459266422
-2.224398457067577,-1.0631984142759048
-2.198599016871856,-0.6340872197927397
-1.2261377859133469,0.8012332102561736
1.4229776652311634,1.6491688152085346
3.170646796405961,2.5338134918283783
-2.29259066293478,-0.4376935245181262
-2.6981206689372392,-0.8875686826928182
-1.8203385817124507,-1.5155640318231078
0.8706600592826611,2.477578253352627
-2.6953668359409773,-0.5410904629236325
1.6059427056949718,2.72223760250199
1.692484100299634,1.0794553579881183
-2.772082901989693,-0.7340971016703164
3.593927850082867,1.1685159605148598
-0.7490898639370152,-0.7700754679900965
0.36459138534546737,-0.24306330573691287
2.3389375546064177,1.3322703892461794
1.4298667884868517,-0.23191590764666728
-2.294280286797887,-1.3927631059846144
4.205281351281847,-0.7654342540230834
1.6790065982794347,-1.6000230411101393
2.226253522072594,2.0410280363214417
-2.4093486735765763,-1.229387950211127
-2.2616551791152384,-0.6488760994508594
-0.41776573679341505,0.5144261430326631
-1.4142489008572823,-1.2562820836432724
-1.158702226301146,-0.26219846851888357
3.1410898715821984,-0.38053963103917443
2.8520298417432146,-2.5220276192031204
3.143013992978158,-0.9698865747168093
-2.3733032916270913,-0.8117582280158597
-0.7103884801212165,1.3119020729238997
1.6867879497241403,0.1604237474697539
-2.7017927313153294,0.2608665574624101
-2.112483078115194,-0.8972223352143679
-1.76214494124308,-1.6802151156205771
2.6984822551228724,-0.2496235075727384
2.683512170459844,2.358411111804816
1.6477672471858555,1.8988375734815601
-2.03026154801607,-0.899529356113681
2.697371885464302,-0.05409057182984268
-2.207241203842925,-0.5613644838583484
2.637403784625716,1.807372449472619
2.3065475933780646,-0.20319577880452072
-1.2267509841461515,-1.5186552714432509
1.558306746473954,2.014195181293506
-1.8815245746441362,-1.1688547556809403
-2.5174248977197164,-1.575908763022776
0.0033160396794089547,0.85638045204776
2.7062234766840927,-0.7003858937151274
-2.7825919012920375,-1.4317951153128352
1.484521936156497,-0.36179200579736664
3.6548925175581894,-1.0025187770379715
0.9055781108941542,-0.8165425242348298
-2.663999702583792,-0.7753012750481361
-1.82603975164971,-1.8422456604195874
-1.8783588272729963,-1.053291771708616
-0.5590427789404959,1.309401965634745
3.464831162777733,0.16251106277666444
1.8319406551851833,1.188183885258673
2.1365130809717354,-1.1095388800013088
3.756940535649296,-0.19562666229095763
-1.9112240260343814,-2.042278449176028
-2.0643797975874887,-0.06703011526413799
-1.2925430833708274,2.6215538972969066
-2.7773383010985713,-2.0758745635672873
0.35421330005537816,-0.3914039633339366
5.560175442802805,-3.2862490125927786
0.8706600592826611,2.477578253352627
-2.363681543596309,0.5123581522492635
5.457431342850964,-3.0370399498882414
-1.473252461603706,0.3835015260678317
2.4744654746073302,1.1453564435274597
0.7443458367722494,0.34346270606859297
-2.2368230111620506,0.05465731301330529
1.9537482311611567,1.943598114722462
-3.079662244835872,-0.8412610230671629
1.6832521542727155,2.219506688776907
-2.2857543709840233,-1.8741095852932026
-3.005557402900921,-1.6637155489064195
-1.1728726635252849,0.3728972069842526
0.8050515693988427,0.9207220486549178
-1.2525961209777128,1.5229977873701221
3.9601944204986435,-1.642923322257112
0.21498876468523875,1.6865929721535835
1.4305878744154952,1.5268778027676058
-2.385125543350802,-0.7220179190597199
-1.3509283911665197,0.17624495583525862
-0.6663655414499411,2.175058664548204
1.856272474245123,1.6568517990641367
-2.5170906759824225,-0.9129163219643172
2.362609574203797,1.8591955080932439
3.585883882060915,-0.8180744174375262
-2.713577085462859,-1.5545547801973791
-2.1919294151082416,-0.26113337737054576
-3.013047970543443,-0.5212131542913211
-1.8498177366287465,0.4638225849391626
2.13070791864933,0.8876681551539686
-2.1954513416565926,-0.48988642052431464
3.5437310626661085,-0.5557599156771322
0.4851119375538975,0.950193755434491
2.7714913598385946,0.7455471603118862
1.4821486121328176,1.8450479898247474
-3.327644470849914,-0.8461706618245377
-2.5761582203038214,-1.3968117371104576
2.7874254649074586,-0.5061865930119093
-0.2928152906230178,-0.826268261306055
-2.906638256100541,-1.5005367963950402
3.6120209562349284,-2.263457583539131
-0.529881448645743,0.7004386381848384
-1.4325661625266892,0.8291208988865034
-2.7009351650652342,-2.1024818585261307
-0.5800978637032405,0.2983482079475538
-2.4416004457663965,1.4480936205651673
-2.8576907111005307,-1.3206363406990635
-2.4948396192955484,-0.2947952084073068
-2.0561422604818205,0.4724345966694
-1.6248745343251325,-1.3783476595487445
0.653335560122713,2.049114332303956
2.468921498049121,-0.5057976621228286
-2.9366442158718,-0.06446337825769453
-2.3066545403740926,1.7845579739420951
-1.0168451992407668,1.7155817330377603
-1.6169038566647018,0.8786407779634402
-2.5562334373750826,0.6451559881710992
3.5430889132995973,-1.4448317135669357
-2.4819064632592864,-0.5767865007825989
-1.4325661625266892,0.8291208988865034
-2.6911018520524674,-0.7584398369003736
-2.389815161507271,-0.8570926567484004
-1.95691643585521,0.9292281435027963
-1.8389214067280455,-0.11527276050832938
0.4683467492057379,2.3495239130875545
-0.16161702575838918,-0.935069235830831
2.9800652507791687,2.550174713741733
-0.9491922186839029,-0.7812704736244694
-0.27916441984797574,1.1685661809068595
4.209594243994542,-0.8125736943357899
-3.2982478680431817,-2.3100892862569884
-2.5310933712871884,-0.33900019030988127
3.795709827078478,-0.16749955974741626
1.8387978948340038,-1.2876294274372173
5.266270740408314,-1.956087019318533
-2.1832067302790206,-1.3628306950047884
0.13279980654392745,0.5443655681781311
1.8624136600991843,1.533662238014853
3.4460508684453974,-0.7482494380933753
2.221939075094026,0.6993281004257508
0.4784641610435185,1.5172507429510533
4.471139385343323,0.018909795010986486
4.2911706038689275,-0.8131874042734156
-1.0288353510527464,5.70251321023586
0.38406809320706875,0.8044811805257444
-0.9091806599727945,-0.08480951433412562
-2.639922602257735,-0.6684832261070013
-0.7012508362232176,3.021022096361546
-0.6702815516539216,-1.882878706560713
-2.572435917753837,-2.138141032790323
-1.7682635094678092,-0.3699883448188635
2.599563937798339,1.0935439770600062
2.1782791100626895,1.2371530105412298
3.7450115135203896,0.15018293481328507
2.8612566224218305,-0.8306830688865227
-2.5832115952128456,-2.0860489258000974
4.355880307749602,-0.8262492175731194
-2.464428494590218,-0.49688495946090794
-2.18660565999767,-1.5617274457048156
5.081020416892004,-1.2327378689759465
2.893205303202394,1.0274595072197266
-3.09562685540067,0.576951066670839
-1.4756567712795174,-1.5771566656411757
0.25130826179356114,0.4767667202452386
-0.6769493319443054,1.6826368360557384
-2.664002319004603,0.45158197887637214
-2.8245857682014486,-2.244446283893122
1.2347659843163217,0.5940761864351723
-1.0288353510527464,5.70251321023586
2.9861341197922613,-0.26955396818447236
-1.8862665579106435,-1.4507242410456247
-2.2475670596263537,0.5600753098880253
2.3555656812782995,0.1999988117761219
-2.585566833673003,0.13731231650834055
-2.677504085773581,-1.2752674297557567
-2.191718704333295,-0.4503718983349309
-0.48056827753995035,2.2399044882983326
3.38739835666383,-1.3229894167842504
-2.666782451081415,0.6918990969659639
2.957597118621069,-1.614282668840506
-3.4233975217055583,-0.5004838606176769
-2.642774397684431,-0.8460292405369856
-2.640962087487005,-1.162250198650644
4.64927034963876,-1.3303823958817085
-2.963880993719654,-1.5573890754078108
-1.003075142479563,0.6987116435173039
0.42477797282657986,0.30542498086486625
2.9064516636410254,-0.7197763414838428
-2.627205976954877,-0.4766236252444958
-2.3662606447382952,1.4357596384853113
0.49955156274428797,1.8455819013999757
-0.3035804562281294,1.7111859528830502
-0.451939109627381,2.8278191492644065
-0.032161027339575515,0.6131669413249079
-3.0096594064082436,-1.28081065219331
-2.785722363221171,-1.2806085115793848
0.9588118637086037,1.2104560688024302
-1.9230260344280148,-2.3223897473044617
5.48609198954762,1.3756309765231876
-2.633902085957122,-1.548807717955667
2.7130278508249637,0.7217567717278072
-1.678120348758918,3.2263301472325514
1.4346373241973525,-0.3494346995872017
1.9277607926039448,1.1201221938694141
-1.9869673252853832,1.5253985035646325
